<?xml version="1.0" encoding="utf-8"?>
<doublecmd DCVersion="0.0.0" ConfigVersion="5">
  <Configuration Save="True">
    <UseConfigInProgramDir>False</UseConfigInProgramDir>
  </Configuration>
  <Behaviours>
    <ListFilesInThread>False</ListFilesInThread>
    <LoadIconsSeparately>True</LoadIconsSeparately>
  </Behaviours>
  <Colors>
    <FileFilters>
      <Filter>
        <Name>Pascal sources</Name>
        <FileMasks>*.pas;*.pp</FileMasks>
        <Color>32768</Color>
        <Attributes/>
      </Filter>
      <Filter>
        <Name>Pascal binaries</Name>
        <FileMasks>*.ppu;*.o;*.dcu</FileMasks>
        <Color>16711680</Color>
        <Attributes/>
      </Filter>
      <Filter>
        <Name>Specified Executables</Name>
        <FileMasks>*</FileMasks>
        <Color>55758</Color>
        <Attributes>-rwxrwxr*x</Attributes>
      </Filter>
      <Filter>
        <Name>Executables</Name>
        <FileMasks>*</FileMasks>
        <Color>32768</Color>
        <Attributes>-*x*</Attributes>
      </Filter>
    </FileFilters>
  </Colors>
  <Icons>
    <Size>32</Size>
    <ShowOverlays>True</ShowOverlays>
  </Icons>
</doublecmd>
