<?xml version="1.0" encoding="utf-8"?>
<doublecmd DCVersion="0.0.0" ConfigVersion="5">
  <Configuration Save="True">
    <UseConfigInProgramDir>False</UseConfigInProgramDir>
  </Configuration>
  <Colors>
    <FileFilters>
      <Filter>
        <Name>Pascal sources</Name>
        <FileMasks>*.pas;*.pp</FileMasks>
        <Color>32768</Color>
        <Attributes/>
      </Filter>
      <Filter>
        <Name>Pascal binaries</Name>
        <FileMasks>*.ppu;*.o;*.dcu</FileMasks>
        <Color>16711680</Color>
        <Attributes/>
      </Filter>
    </FileFilters>
  </Colors>
</doublecmd>
