<?xml version="1.0" encoding="UTF-8"?>
<!DOCTYPE module PUBLIC "-//Puppy Crawl//DTD Check Configuration 1.3//EN"
        "http://www.puppycrawl.com/dtds/configuration_1_3.dtd">

<!-- This configuration will run fine in CS 6.19, but will fail to load in 6.6 or 6.7, because the custom check
     'CustomCheck3' uses a part of the public API that was broken in those versions. -->

<module name="Checker">
    <property name="severity" value="warning"/>

    <module name="FileTabCharacter"/>
    <module name="JavadocPackage">
        <property name="allowLegacy" value="false"/>
    </module>

    <module name="TreeWalker">
        <property name="tabWidth" value="2"/>
        <module name="FileContentsHolder"/>

        <module name="LeftCurly">
            <property name="option" value="nl"/>
            <property name="tokens" value="CLASS_DEF,INTERFACE_DEF"/>
        </module>
        <module name="LeftCurly">
            <property name="option" value="eol"/>
            <property name="tokens" value="METHOD_DEF,LITERAL_IF"/>
        </module>

        <module name="org.infernus.idea.checkstyle.service.CustomCheck3"/>    <!-- this check will cause the error -->
    </module>
</module>
