<?xml version="1.0" encoding="UTF-8"?>
<!DOCTYPE module PUBLIC "-//Puppy Crawl//DTD Check Configuration 1.3//EN"
        "http://www.puppycrawl.com/dtds/configuration_1_3.dtd">

<!-- This configuration file will load fine in CS 6.16.1, but will fail to load in 6.17 or later, because the
     'basenameSeparator' property was removed from TranslationCheck in 6.17. -->

<module name="Checker">
    <property name="severity" value="warning"/>

    <module name="FileTabCharacter"/>
    <module name="JavadocPackage">
        <property name="allowLegacy" value="false"/>
    </module>

    <module name="Translation">
        <property name="basenameSeparator" value="_"/>    <!-- this line will cause the error -->
    </module>

    <module name="TreeWalker">
        <property name="tabWidth" value="2"/>
        <module name="FileContentsHolder"/>

        <module name="LeftCurly" />
    </module>
</module>
